"data_pedido","categoria","faturamento_diario"
"2026-01-05","Eletronicos","749.5"
"2026-01-05","Calcados","599.8"
"2026-01-05","Vestuario","149.7"
"2026-01-06","Acessorios","259.8"
"2026-01-06","Eletrodomesticos","259.0"
"2026-01-06","Vestuario","249.5"
"2026-01-06","Livros","179.8"
"2026-01-07","Moveis","899.0"
"2026-01-07","Eletronicos","449.7"
"2026-01-07","Calcados","299.9"
"2026-01-07","Vestuario","149.7"
"2026-01-08","Eletronicos","1999.0"
"2026-01-08","Calcados","599.8"
"2026-01-08","Eletrodomesticos","259.0"
"2026-01-08","Livros","89.9"
"2026-01-09","Eletrodomesticos","518.0"
"2026-01-09","Livros","449.5"
"2026-01-09","Vestuario","199.6"
"2026-01-10","Moveis","2697.0"
"2026-01-10","Acessorios","259.8"
"2026-01-10","Eletronicos","149.9"
"2026-01-11","Eletronicos","1999.0"
"2026-01-11","Calcados","599.8"
"2026-01-11","Vestuario","299.4"
"2026-01-12","Acessorios","389.7"
"2026-01-12","Eletronicos","299.8"
"2026-01-12","Livros","269.70000000000005"
"2026-01-12","Eletrodomesticos","259.0"
"2026-01-13","Eletronicos","4297.8"
"2026-01-13","Moveis","899.0"
"2026-01-14","Eletrodomesticos","777.0"
"2026-01-14","Calcados","599.8"
"2026-01-14","Vestuario","99.8"
"2026-01-15","Moveis","899.0"
"2026-01-15","Eletronicos","449.7"
"2026-01-15","Livros","359.6"
"2026-01-15","Acessorios","129.9"
"2026-01-16","Eletronicos","3998.0"
"2026-01-16","Moveis","899.0"
"2026-01-16","Calcados","299.9"
"2026-01-16","Vestuario","249.5"
"2026-01-17","Eletrodomesticos","518.0"
"2026-01-17","Livros","269.70000000000005"
"2026-01-17","Vestuario","149.7"
"2026-01-18","Moveis","2697.0"
"2026-01-18","Eletronicos","599.6"
"2026-01-18","Calcados","299.9"
"2026-01-18","Acessorios","259.8"
"2026-01-19","Eletronicos","2448.7"
"2026-01-19","Calcados","599.8"
"2026-01-19","Livros","269.7"
"2026-01-20","Moveis","1798.0"
"2026-01-20","Eletrodomesticos","259.0"
"2026-01-20","Vestuario","99.8"
"2026-01-21","Eletronicos","2298.8"
"2026-01-21","Acessorios","389.7"
"2026-01-21","Eletrodomesticos","259.0"
"2026-01-22","Eletrodomesticos","1036.0"
"2026-01-22","Calcados","899.7"
"2026-01-22","Acessorios","259.8"
"2026-01-22","Livros","179.8"
"2026-01-23","Moveis","899.0"
"2026-01-23","Acessorios","259.8"
"2026-01-23","Vestuario","199.6"
"2026-01-23","Livros","89.9"
"2026-01-24","Eletronicos","6296.8"
"2026-01-24","Eletrodomesticos","259.0"
"2026-01-24","Livros","89.9"
"2026-01-25","Calcados","599.8"
"2026-01-25","Eletronicos","149.9"
"2026-01-25","Vestuario","99.8"
"2026-01-26","Moveis","899.0"
"2026-01-26","Eletrodomesticos","518.0"
"2026-01-26","Livros","449.5"
"2026-01-27","Eletronicos","2148.9"
"2026-01-27","Vestuario","199.6"
"2026-01-27","Acessorios","129.9"
"2026-01-28","Eletronicos","1999.0"
"2026-01-28","Moveis","899.0"
"2026-01-28","Calcados","299.9"
"2026-01-28","Livros","179.8"
